class_val,ppa_gpe,proportion_of_landscape,total_area,park,var,year
1,PPA,100.0,31.59,AdamsLakeMarineParkPoplarPointSite,nightlights,2015
1,PPA,100.0,43.56,AdamsLakeMarineParkRefugeBaySite,nightlights,2015
1,PPA,100.0,202.68,AdamsLakeMarineParkSpillmanBeachSite,nightlights,2015
1,PPA,100.0,100.26,AdamsLakeParkBushCreekSite,nightlights,2015
1,PPA,100.0,10436.94,AKK,nightlights,2015
1,PPA,100.0,51.57,AlexandraBridgePark,nightlights,2015
1,PPA,100.0,269.28,AlezaLakeEcologicalReserve,nightlights,2015
1,PPA,100.0,412.11,AliceLakePark,nightlights,2015
1,PPA,100.0,82.35,AllisonHarbourMarinePark,nightlights,2015
1,PPA,100.0,21.15,AllisonLakePark,nightlights,2015
1,PPA,100.0,292.77,AmbroseLakeEcologicalReserve,nightlights,2015
1,PPA,100.0,444.15,AnarchistProtectedArea,nightlights,2015
1,PPA,100.0,11189.97,AncientForestChunTOhWhudujutPark,nightlights,2015
1,PPA,100.0,689.58,AncientForestChunTOhWhudujutProtectedArea,nightlights,2015
1,PPA,100.0,11.97,AndersonBayPark,nightlights,2015
1,PPA,100.0,95.04,AndersonFlatsPark,nightlights,2015
1,PPA,100.0,6857.19,AnsteyHunakwaPark,nightlights,2015
1,PPA,100.0,5.22,ApodacaPark,nightlights,2015
1,PPA,100.0,21.6,ArbutusGrovePark,nightlights,2015
1,PPA,100.0,13896.81,ArcticPacificLakesPark,nightlights,2015
1,PPA,100.0,17.1,ArrowLakesParkBurtonSite,nightlights,2015
1,PPA,100.0,35.19,ArrowLakesParkEagleSite,nightlights,2015
1,PPA,100.0,18.27,ArrowLakesParkFauquierSite,nightlights,2015
1,PPA,100.0,23.67,ArrowLakesParkShelterBaySite,nightlights,2015
1,PPA,100.0,6154.02,ArrowstonePark,nightlights,2015
1,PPA,100.0,280.98,ArtlishCavesPark,nightlights,2015
1,GPE,99.98153925187312,576630.72,Atlin,nightlights,2015
1,PPA,100.0,570114.54,Atlin,nightlights,2015
2,GPE,0.018460748126889477,106.47,Atlin,nightlights,2015
2,PPA,0.0,0.0,Atlin,nightlights,2015
1,PPA,100.0,21105.45,AtnaRiverPark,nightlights,2015
1,PPA,100.0,178.29,BabineLakeMarineParkHookDeepBaySite,nightlights,2015
1,PPA,100.0,40.05,BabineLakeMarineParkPendletonBaySite,nightlights,2015
1,PPA,100.0,34.56,BabineLakeMarineParkPierreCreekSite,nightlights,2015
1,PPA,100.0,66.33,BabineLakeMarineParkPinkutCreekSite,nightlights,2015
1,PPA,100.0,54.18,BabineLakeMarineParkSandpointSite,nightlights,2015
1,PPA,100.0,145.71,BabineLakeMarineParkSmithersLandingSite,nightlights,2015
1,PPA,100.0,31471.02,BabineMountainsPark,nightlights,2015
1,PPA,100.0,27.09,BabineMountainsTrailsParkActSection,nightlights,2015
1,PPA,100.0,15369.84,BabineRiverCorridorPark,nightlights,2015
1,PPA,100.0,22.68,BambertonPark,nightlights,2015
1,PPA,100.0,7.92,BananaIslandPark,nightlights,2015
1,PPA,100.0,14814.36,BanksNiiLuutiksmConservancy,nightlights,2015
1,PPA,100.0,158.76,BearCreekPark,nightlights,2015
1,PPA,100.0,535.68,BearGlacierPark,nightlights,2015
1,PPA,100.0,12706.74,BearholeLakePark,nightlights,2015
1,PPA,100.0,5053.41,BearholeLakeProtectedArea,nightlights,2015
1,PPA,100.0,316.53,BearIslandConservancy,nightlights,2015
1,PPA,100.0,329.4,BeattonPark,nightlights,2015
1,PPA,100.0,194.31,BeattonRiverPark,nightlights,2015
1,PPA,100.0,177.03,BeaumontPark,nightlights,2015
1,PPA,100.0,87.84,BeaverCreekPark,nightlights,2015
1,PPA,100.0,16.38,BeaverPointPark,nightlights,2015
1,PPA,100.0,767.7,BeaverValleyPark,nightlights,2015
1,PPA,100.0,120.96,BecherSPrairiePark,nightlights,2015
1,PPA,100.0,182.88,BedardAspenPark,nightlights,2015
1,PPA,100.0,140.31,BednestiLakeEcologicalReserve,nightlights,2015
1,PPA,100.0,171.72,BellaCoolaEstuaryConservancy,nightlights,2015
1,PPA,100.0,0.45,BellhousePark,nightlights,2015
1,PPA,100.0,367.83,BigBarLakePark,nightlights,2015
1,PPA,100.0,998.73,BigBasinPark,nightlights,2015
1,PPA,100.0,221.13,BigBunsbyMarinePark,nightlights,2015
1,PPA,100.0,257.76,BigCreekEcologicalReserve,nightlights,2015
1,PPA,100.0,67973.31,BigCreekPark,nightlights,2015
1,PPA,100.0,956.79,BigWhiteMountainEcologicalReserve,nightlights,2015
1,PPA,100.0,35.73,BijouxFallsPark,nightlights,2015
1,PPA,100.0,10449.18,BirkenheadLakePark,nightlights,2015
1,PPA,100.0,2684.7,BishopBayMonkeyBeachConservancy,nightlights,2015
1,PPA,100.0,3.6,BishopBayMonkeyBeachCorridorConservancy,nightlights,2015
1,PPA,100.0,221.13,BlackcombGlacierPark,nightlights,2015
1,PPA,100.0,291.96,BlackwaterCreekEcologicalReserve,nightlights,2015
1,PPA,100.0,317.79,BlanketCreekPark,nightlights,2015
1,PPA,100.0,965.88,BlueDeaseRiversEcologicalReserve,nightlights,2015
1,PPA,100.0,689.31,BlueEarthLakePark,nightlights,2015
1,PPA,100.0,172.71,BlueRiverBlackSprucePark,nightlights,2015
1,PPA,100.0,27.63,BlueRiverPinePark,nightlights,2015
1,PPA,100.0,1360.71,BobtailMountainPark,nightlights,2015
1,PPA,100.0,1143.72,BocockPeakPark,nightlights,2015
1,PPA,100.0,302.31,BodegaRidgePark,nightlights,2015
1,PPA,100.0,11833.65,BonapartePark,nightlights,2015
1,PPA,100.0,42.84,BoothmanSOxbowPark,nightlights,2015
1,PPA,100.0,812.79,BorderLakePark,nightlights,2015
1,PPA,100.0,52.65,BoulderCreekPark,nightlights,2015
1,PPA,100.0,401.22,BowenIslandEcologicalReserve,nightlights,2015
1,PPA,100.0,113.85,BowserEcologicalReserve,nightlights,2015
1,PPA,100.0,164.61,BoylePointPark,nightlights,2015
1,PPA,100.0,8.37,BoylePointProtectedArea,nightlights,2015
1,GPE,93.66377731656696,690.48,BrackendaleEaglesPark,nightlights,2015
1,PPA,100.0,763.56,BrackendaleEaglesPark,nightlights,2015
2,GPE,6.336222683433037,46.71,BrackendaleEaglesPark,nightlights,2015
2,PPA,0.0,0.0,BrackendaleEaglesPark,nightlights,2015
1,PPA,100.0,416.43,BrandywineFallsPark,nightlights,2015
1,PPA,100.0,4349.79,BrentMountainProtectedArea,nightlights,2015
1,PPA,100.0,34.29,BridalVeilFallsPark,nightlights,2015
1,PPA,100.0,422.1,BridgeLakePark,nightlights,2015
1,PPA,100.0,991.35,BridgeRiverDeltaPark,nightlights,2015
1,PPA,100.0,189.27,BrimRiverHotspringsProtectedArea,nightlights,2015
1,PPA,100.0,149.49,BromleyRockPark,nightlights,2015
1,PPA,100.0,3436.11,BroughtonArchipelagoConservancy,nightlights,2015
1,PPA,100.0,113.58,BrowneLakeEcologicalReserve,nightlights,2015
1,PPA,100.0,43.11,BrowneLakePark,nightlights,2015
1,PPA,100.0,0.27,BuccaneerBayPark,nightlights,2015
1,PPA,100.0,16.2,BuckHillsRoadEcologicalReserve,nightlights,2015
1,GPE,89.77556109725685,32.4,BuckinghorseRiverWaysidePark,nightlights,2015
1,PPA,97.4937343358396,35.01,BuckinghorseRiverWaysidePark,nightlights,2015
2,GPE,10.224438902743142,3.69,BuckinghorseRiverWaysidePark,nightlights,2015
2,PPA,2.506265664160401,0.9,BuckinghorseRiverWaysidePark,nightlights,2015
1,PPA,100.0,13817.79,BugabooPark,nightlights,2015
1,PPA,100.0,169.29,BulkleyJunctionPark,nightlights,2015
1,PPA,100.0,344.43,BullCanyonPark,nightlights,2015
1,PPA,100.0,401.22,BurgesJamesGadsdenPark,nightlights,2015
1,PPA,100.0,485.19,BurgoyneBayPark,nightlights,2015
1,PPA,100.0,2345.94,BurnieRiverProtectedArea,nightlights,2015
1,PPA,100.0,34555.32,BurnieSheaPark,nightlights,2015
1,PPA,100.0,66.51,BurnsLakePark,nightlights,2015
1,PPA,100.0,672.66,BurntCabinBogEcologicalReserve,nightlights,2015
1,PPA,100.0,228.24,BuseLakeProtectedArea,nightlights,2015
1,PPA,100.0,6844.59,ButlerRidgePark,nightlights,2015
1,PPA,100.0,150.39,CaligataLakePark,nightlights,2015
1,PPA,100.0,8086.68,CallaghanConservancy,nightlights,2015
1,PPA,100.0,2696.04,CallaghanLakePark,nightlights,2015
1,PPA,100.0,61.65,CallLakePark,nightlights,2015
1,PPA,100.0,104.4,CampbellBrownKalamalkaLakeEcologicalReserve,nightlights,2015
1,PPA,100.0,8.1,CanimBeachPark,nightlights,2015
1,PPA,100.0,16366.77,CapeScottPark,nightlights,2015
1,PPA,100.0,72.36,CardiffMountainEcologicalReserve,nightlights,2015
1,PPA,100.0,87.48,CaribooNaturePark,nightlights,2015
1,PPA,100.0,3145.14,CaribooRiverPark,nightlights,2015
1,PPA,100.0,16366.5,CarmanahWalbranPark,nightlights,2015
1,PPA,100.0,38219.31,CarpLakePark,nightlights,2015
1,PPA,100.0,293.94,CarterBayConservancy,nightlights,2015
1,PPA,100.0,15.75,CastleRockHoodoosPark,nightlights,2015
1,PPA,100.0,44.37,CatherineCreekEcologicalReserve,nightlights,2015
1,PPA,100.0,7246.8,CattoCreekConservancy,nightlights,2015
1,PPA,100.0,129.6,CecilLakeEcologicalReserve,nightlights,2015
1,PPA,100.0,7.92,CedarPointPark,nightlights,2015
1,PPA,100.0,212.76,CetanThurstonBayConservancy,nightlights,2015
1,PPA,100.0,1452.87,ChampionLakesPark,nightlights,2015
1,PPA,100.0,198.99,CharlieColeCreekEcologicalReserve,nightlights,2015
1,PPA,89.17262512768131,157.14,CharlieLakePark,nightlights,2015
2,PPA,10.827374872318693,19.08,CharlieLakePark,nightlights,2015
1,PPA,100.0,36195.12,ChasePark,nightlights,2015
1,PPA,100.0,196.92,ChasmEcologicalReserve,nightlights,2015
1,GPE,96.0483847518246,2972.88,ChasmPark,nightlights,2015
1,PPA,99.98570611778159,3147.75,ChasmPark,nightlights,2015
2,GPE,2.9397226018435054,90.99,ChasmPark,nightlights,2015
2,PPA,0.01429388221841052,0.45,ChasmPark,nightlights,2015
3,GPE,0.8519670844116193,26.37,ChasmPark,nightlights,2015
3,PPA,0.0,0.0,ChasmPark,nightlights,2015
4,GPE,0.15992556192026983,4.95,ChasmPark,nightlights,2015
4,PPA,0.0,0.0,ChasmPark,nightlights,2015
1,PPA,100.0,234.63,CheclesetBayEcologicalReserve,nightlights,2015
1,PPA,100.0,118.8,ChemainusRiverPark,nightlights,2015
1,PPA,100.0,497.07,ChickensNeckMountainEcologicalReserve,nightlights,2015
1,PPA,100.0,66.06,ChilakoRiverEcologicalReserve,nightlights,2015
1,PPA,100.0,24.84,ChilliwackRiverPark,nightlights,2015
1,PPA,100.0,52.74,ChoquetteHotSpringsPark,nightlights,2015
1,PPA,100.0,5.58,ChristinaLakePark,nightlights,2015
1,PPA,100.0,107.37,ChuChuaCottonwoodPark,nightlights,2015
1,PPA,100.0,343.8,ChunamonCreekEcologicalReserve,nightlights,2015
1,PPA,100.0,37097.28,ChurnCreekProtectedArea,nightlights,2015
1,PPA,100.0,71.91,CinemaBogEcologicalReserve,nightlights,2015
1,PPA,100.0,579.33,CinnemousunNarrowsPark,nightlights,2015
1,PPA,100.0,59.4,ClanninickCreekEcologicalReserve,nightlights,2015
1,PPA,100.0,231.3,ClaudElliottCreekEcologicalReserve,nightlights,2015
1,PPA,100.0,328.23,ClaudElliottLakePark,nightlights,2015
1,PPA,100.0,399.51,ClayhurstEcologicalReserve,nightlights,2015
1,PPA,100.0,3556.44,ClayoquotArmPark,nightlights,2015
1,PPA,100.0,3130.38,ClayoquotPlateauPark,nightlights,2015
1,PPA,100.0,5048.55,ClaytonFallsConservancy,nightlights,2015
1,PPA,100.0,30360.69,ClendinningPark,nightlights,2015
1,PPA,100.0,413.91,CloseToTheEdgePark,nightlights,2015
1,PPA,100.0,287.82,CloseToTheEdgeProtectedArea,nightlights,2015
1,PPA,100.0,279.27,ClyakEstuaryConservancy,nightlights,2015
1,PPA,100.0,1216.26,CodvilleLagoonConservancy,nightlights,2015
1,PPA,100.0,398.34,CodvilleLagoonMarinePark,nightlights,2015
1,PPA,100.0,49.23,CodyCavesPark,nightlights,2015
1,PPA,100.0,68.76,ColdwaterRiverPark,nightlights,2015
1,PPA,100.0,22.68,CollisonPointPark,nightlights,2015
1,PPA,100.0,42.39,ColumbiaLakeEcologicalReserve,nightlights,2015
1,PPA,100.0,286.74,ColumbiaLakePark,nightlights,2015
1,PPA,100.0,44.1,ComoxLakeBluffsEcologicalReserve,nightlights,2015
1,PPA,100.0,724.59,ConkleLakePark,nightlights,2015
1,PPA,100.0,656.1,CopperJohnnyPark,nightlights,2015
1,PPA,100.0,143.37,CoquihallaCanyonPark,nightlights,2015
1,PPA,100.0,102.42,CoquihallaRiverPark,nightlights,2015
1,GPE,99.62236899514045,5959.44,CoquihallaSummitRecreationArea,nightlights,2015
1,PPA,98.27912283718095,5659.02,CoquihallaSummitRecreationArea,nightlights,2015
2,GPE,0.37763100485955436,22.59,CoquihallaSummitRecreationArea,nightlights,2015
2,PPA,1.72087716281905,99.09,CoquihallaSummitRecreationArea,nightlights,2015
1,PPA,100.0,117.81,CormorantChannelMarinePark,nightlights,2015
1,PPA,100.0,1236.6,CornwallHillsPark,nightlights,2015
1,PPA,100.0,63.81,CottonwoodRiverPark,nightlights,2015
1,PPA,100.0,553.32,CougarCanyonEcologicalReserve,nightlights,2015
1,GPE,100.0,1087.83,CowichanRiverPark,nightlights,2015
1,PPA,99.9295684466641,1404.63,CowichanRiverPark,nightlights,2015
2,GPE,0.0,0.0,CowichanRiverPark,nightlights,2015
2,PPA,0.07043155333589449,0.99,CowichanRiverPark,nightlights,2015
1,PPA,100.0,12799.53,CrabLakeConservancy,nightlights,2015
1,PPA,100.0,7557.66,CraigHeadwatersProtectedArea,nightlights,2015
1,PPA,100.0,69.75,CranstownPointConservancy,nightlights,2015
1,PPA,100.0,59.94,CraterLakePark,nightlights,2015
1,GPE,96.52009711356892,966.06,CrookedRiverPark,nightlights,2015
1,PPA,100.0,970.47,CrookedRiverPark,nightlights,2015
2,GPE,3.479902886431076,34.83,CrookedRiverPark,nightlights,2015
2,PPA,0.0,0.0,CrookedRiverPark,nightlights,2015
1,PPA,100.0,45.36,CrowsnestPark,nightlights,2015
1,PPA,100.0,2723.22,CultusLakePark,nightlights,2015
1,PPA,100.0,21827.07,CumminsLakesPark,nightlights,2015
1,PPA,100.0,259.56,CumminsRiverProtectedArea,nightlights,2015
1,GPE,99.89881025389427,2932.11,CypressPark,nightlights,2015
1,PPA,98.51046445855069,2821.32,CypressPark,nightlights,2015
2,GPE,0.10118974610572795,2.97,CypressPark,nightlights,2015
2,PPA,1.4895355414493119,42.66,CypressPark,nightlights,2015
1,PPA,100.0,1584.0,DahlLakePark,nightlights,2015
1,PPA,100.0,168.75,DalaKildalaRiverEstuaryPark,nightlights,2015
1,PPA,100.0,821.61,DamaxyaaConservancy,nightlights,2015
1,PPA,100.0,8140.23,DamdochaxProtectedArea,nightlights,2015
1,PPA,100.0,375.75,DanteSInfernoPark,nightlights,2015
1,PPA,100.0,1504.17,DarkeLakePark,nightlights,2015
1,PPA,100.0,222.57,DavisLakePark,nightlights,2015
1,PPA,100.0,47.52,DawleyPassagePark,nightlights,2015
1,PPA,100.0,0.54,DeadManSIslandPark,nightlights,2015
1,PPA,100.0,376.47,DenisonBonneauPark,nightlights,2015
1,PPA,100.0,560.97,DenmanIslandPark,nightlights,2015
1,PPA,100.0,92.97,DenmanIslandProtectedArea,nightlights,2015
1,PPA,100.0,5063.58,DesolationSoundMarinePark,nightlights,2015
1,PPA,100.0,6.39,DetSanEcologicalReserve,nightlights,2015
1,PPA,100.0,252.54,DianaLakePark,nightlights,2015
1,PPA,100.0,119.43,DionisioPointPark,nightlights,2015
1,PPA,100.0,82.26,DixieCoveMarinePark,nightlights,2015
1,PPA,100.0,36.0,DocEnglishBluffEcologicalReserve,nightlights,2015
1,PPA,100.0,813.87,DonnelyLakePark,nightlights,2015
1,PPA,100.0,138.96,DowningPark,nightlights,2015
1,PPA,100.0,1773.18,DragonMountainPark,nightlights,2015
1,PPA,100.0,24.84,DrewryPointPark,nightlights,2015
1,PPA,100.0,23.4,DriftwoodCanyonPark,nightlights,2015
1,PPA,100.0,812.97,DrizzleLakeEcologicalReserve,nightlights,2015
1,PPA,100.0,10.53,DrumbegPark,nightlights,2015
1,PPA,100.0,28.8,DryGulchPark,nightlights,2015
1,PPA,100.0,94.5,DrywilliamLakeEcologicalReserve,nightlights,2015
1,PPA,100.0,768.33,DuckLakeProtectedArea,nightlights,2015
1,PPA,100.0,4050.18,DuffeyLakePark,nightlights,2015
1,PPA,100.0,446310.18,Dune,nightlights,2015
1,PPA,100.0,19439.1,DunnPeakProtectedArea,nightlights,2015
1,PPA,100.0,225888.93,DuuG,nightlights,2015
1,PPA,100.0,269.64,DzawadiKlinakliniEstuaryConservancy,nightlights,2015
1,PPA,100.0,180.72,EagleBayPark,nightlights,2015
1,PPA,100.0,455.31,EagleRiverPark,nightlights,2015
1,PPA,100.0,9.54,EakinCreekCanyonPark,nightlights,2015
1,PPA,100.0,123.84,EakinCreekFloodplainPark,nightlights,2015
1,PPA,100.0,14.22,EastPinePark,nightlights,2015
1,PPA,100.0,0.99,EchoBayMarinePark,nightlights,2015
1,PPA,100.0,152.01,EchoLakePark,nightlights,2015
1,PPA,100.0,85514.4,Ecstall,nightlights,2015
1,PPA,100.0,13118.31,EcstallHeadwatersConservancy,nightlights,2015
1,PPA,100.0,5589.63,EdBirdEstellaLakesPark,nightlights,2015
1,PPA,100.0,11798.19,EdgeHillsPark,nightlights,2015
1,PPA,100.0,1742.94,EkwanLakeProtectedArea,nightlights,2015
1,GPE,98.89271424583605,956.52,ElephantHillPark,nightlights,2015
1,PPA,100.0,968.58,ElephantHillPark,nightlights,2015
2,GPE,1.1072857541639527,10.71,ElephantHillPark,nightlights,2015
2,PPA,0.0,0.0,ElephantHillPark,nightlights,2015
1,PPA,100.0,2918.34,ElevenSistersPark,nightlights,2015
1,PPA,95.01067919692439,1000.89,ElkFallsPark,nightlights,2015
2,PPA,3.605296881674498,37.98,ElkFallsPark,nightlights,2015
3,PPA,1.3840239214011107,14.58,ElkFallsPark,nightlights,2015
1,PPA,85.87570621468926,13.68,ElkFallsProtectedArea,nightlights,2015
2,PPA,1.1299435028248588,0.18,ElkFallsProtectedArea,nightlights,2015
3,PPA,12.994350282485875,2.07,ElkFallsProtectedArea,nightlights,2015
1,PPA,100.0,24.57,ElkoPark,nightlights,2015
1,PPA,100.0,78.39,ElkValleyPark,nightlights,2015
1,PPA,100.0,6.84,EllisIslandEcologicalReserve,nightlights,2015
1,PPA,100.0,220.68,EllisonPark,nightlights,2015
1,PPA,100.0,1617.66,EmarLakesPark,nightlights,2015
1,PPA,100.0,1231.29,EmilyLakeConservancy,nightlights,2015
1,PPA,100.0,29.25,EmoryCreekPark,nightlights,2015
1,PPA,100.0,2329.92,EnderbyCliffsPark,nightlights,2015
1,PPA,100.0,1035.54,EneasLakesPark,nightlights,2015
1,PPA,100.0,337.59,EnglishLakePark,nightlights,2015
1,PPA,100.0,96.75,EnglishmanRiverFallsPark,nightlights,2015
1,PPA,100.0,1011.87,ErgMountainPark,nightlights,2015
1,PPA,100.0,13.95,ErieCreekPark,nightlights,2015
1,PPA,100.0,4048.29,EskersPark,nightlights,2015
1,PPA,100.0,2199.24,EsteroBasinConservancy,nightlights,2015
1,PPA,100.0,1137.96,EsteTiwilhSigurdCreekConservancy,nightlights,2015
1,PPA,100.0,33.12,EthelFWilsonMemorialPark,nightlights,2015
1,PPA,100.0,8946.18,EuropaLakeConservancy,nightlights,2015
1,PPA,100.0,1474.74,EvanoffPark,nightlights,2015
1,PPA,100.0,19.26,EvesPark,nightlights,2015
1,PPA,100.0,1559.25,ExchamsiksRiverProtectedArea,nightlights,2015
1,PPA,100.0,31.59,FerryIslandPark,nightlights,2015
1,PPA,100.0,8.37,FHBarberPark,nightlights,2015
1,PPA,100.0,22.59,FillongleyPark,nightlights,2015
1,PPA,100.0,17145.63,FingerTatukPark,nightlights,2015
1,PPA,100.0,376.74,FinnCreekPark,nightlights,2015
1,PPA,100.0,2.61,FinnCreekProtectedArea,nightlights,2015
1,PPA,100.0,355.86,FintryPark,nightlights,2015
1,PPA,100.0,3084.39,FintryProtectedArea,nightlights,2015
1,PPA,100.0,4275.63,FlatLakePark,nightlights,2015
1,PPA,100.0,3726.36,FloresIslandPark,nightlights,2015
1,PPA,100.0,115991.82,Foch,nightlights,2015
1,PPA,100.0,177.57,FortGeorgeCanyonPark,nightlights,2015
1,PPA,100.0,157.86,FortNelsonRiverEcologicalReserve,nightlights,2015
1,PPA,100.0,233.46,ForwardHarbourConservancy,nightlights,2015
1,PPA,100.0,52.02,FossliPark,nightlights,2015
1,PPA,100.0,1020.6,FosterArmProtectedArea,nightlights,2015
1,PPA,100.0,3.51,FrancisPointEcologicalReserve,nightlights,2015
1,PPA,100.0,70.29,FrancisPointPark,nightlights,2015
1,PPA,100.0,7216.2,FrancoisLakePark,nightlights,2015
1,PPA,100.0,27.36,FrancoisLakeProtectedArea,nightlights,2015
1,PPA,100.0,883.17,FraserRiverBreaksPark,nightlights,2015
1,PPA,100.0,177.12,FraserRiverEcologicalReserve,nightlights,2015
1,PPA,100.0,4902.39,FraserRiverPark,nightlights,2015
1,PPA,100.0,8232.66,FredAntoinePark,nightlights,2015
1,PPA,100.0,1160.01,FrenchBarCreekPark,nightlights,2015
1,PPA,100.0,31.14,FrenchBeachPark,nightlights,2015
1,PPA,100.0,1.98,GabriolaSandsPark,nightlights,2015
1,PPA,100.0,25.74,GalianoIslandEcologicalReserve,nightlights,2015
1,PPA,100.0,970.02,GambleCreekEcologicalReserve,nightlights,2015
1,GPE,95.3199565277931,284642.91,Gar,nightlights,2015
1,PPA,100.0,291357.81,Gar,nightlights,2015
2,GPE,3.5406159527086043,10572.93,Gar,nightlights,2015
2,PPA,0.0,0.0,Gar,nightlights,2015
3,GPE,0.771282062410224,2303.19,Gar,nightlights,2015
3,PPA,0.0,0.0,Gar,nightlights,2015
4,GPE,0.3681454570880734,1099.35,Gar,nightlights,2015
4,PPA,0.0,0.0,Gar,nightlights,2015
1,PPA,100.0,153.72,GardenBayMarinePark,nightlights,2015
1,PPA,100.0,135.0,GibsonMarinePark,nightlights,2015
1,PPA,100.0,53.46,GilnockieCreekEcologicalReserve,nightlights,2015
1,PPA,100.0,2813.58,GilnockiePark,nightlights,2015
1,PPA,100.0,908.91,GilpinGrasslandsPark,nightlights,2015
1,PPA,100.0,2689.02,GingietlCreekEcologicalReserve,nightlights,2015
1,PPA,100.0,149.85,GiscomePortageTrailProtectedArea,nightlights,2015
1,PPA,100.0,11764.35,GitxaalaNiiLuutiksmKitkatlaConservancy,nightlights,2015
1,PPA,100.0,39502.44,GladstonePark,nightlights,2015
1,PPA,100.0,68.58,GoatCoveConservancy,nightlights,2015
1,PPA,100.0,79103.43,GoatRangePark,nightlights,2015
1,PPA,100.0,434.61,GogukaCreekProtectedArea,nightlights,2015
1,PPA,100.0,5984.01,GoldenGateXaatYadiAaniConservancy,nightlights,2015
1,PPA,100.0,645.12,GoldMuchalatPark,nightlights,2015
1,GPE,89.07664453832227,398.52,GoldstreamPark,nightlights,2015
1,PPA,99.0909090909091,451.26,GoldstreamPark,nightlights,2015
2,GPE,10.923355461677732,48.87,GoldstreamPark,nightlights,2015
2,PPA,0.9090909090909091,4.14,GoldstreamPark,nightlights,2015
1,PPA,100.0,856.98,GooseBayConservancy,nightlights,2015
1,PPA,100.0,2701.98,GoosegrassCreekEcologicalReserve,nightlights,2015
1,PPA,100.0,103.23,GordonBayPark,nightlights,2015
1,GPE,98.43626954663067,787.5,GowllandTodPark,nightlights,2015
1,PPA,100.0,885.69,GowllandTodPark,nightlights,2015
2,GPE,0.4387445156935538,3.51,GowllandTodPark,nightlights,2015
2,PPA,0.0,0.0,GowllandTodPark,nightlights,2015
3,GPE,0.3374957813027337,2.7,GowllandTodPark,nightlights,2015
3,PPA,0.0,0.0,GowllandTodPark,nightlights,2015
4,GPE,0.7874901563730453,6.3,GowllandTodPark,nightlights,2015
4,PPA,0.0,0.0,GowllandTodPark,nightlights,2015
1,PPA,100.0,99980.19,GrahamLaurierPark,nightlights,2015
1,PPA,100.0,41167.62,GranbyPark,nightlights,2015
1,PPA,100.0,1420.92,GraylingRiverHotspringsEcologicalReserve,nightlights,2015
1,PPA,100.0,11959.2,GraystokesPark,nightlights,2015
1,PPA,100.0,9309.78,GreatGlacierPark,nightlights,2015
1,PPA,100.0,2818.53,GreenbushLakeProtectedArea,nightlights,2015
1,PPA,100.0,6.12,GreenInletMarinePark,nightlights,2015
1,PPA,100.0,1.98,GreenLakeParkArrowheadSite,nightlights,2015
1,PPA,100.0,7.2,GreenLakeParkBlackBearSite,nightlights,2015
1,PPA,100.0,7.29,GreenLakeParkBlueSpringSite,nightlights,2015
1,PPA,100.0,21.69,GreenLakeParkBoydBaySite,nightlights,2015
1,PPA,100.0,41.67,GreenLakeParkBucksideHillSite,nightlights,2015
1,PPA,100.0,25.65,GreenLakeParkEmeraldBaySite,nightlights,2015
1,PPA,100.0,99.72,GreenLakeParkGreenLakeIslandsSite,nightlights,2015
1,PPA,100.0,4.77,GreenLakeParkLittleArrowSite,nightlights,2015
1,PPA,100.0,3.24,GreenLakeParkNolanCreek,nightlights,2015
1,PPA,100.0,117.09,GreenLakeParkSunsetViewSite,nightlights,2015
1,PPA,100.0,116.73,GreenstoneMountainPark,nightlights,2015
1,PPA,100.0,10.17,GrohmanNarrowsPark,nightlights,2015
1,PPA,100.0,32458.32,GwillimLakePark,nightlights,2015
1,PPA,100.0,132.39,GwynethLakePark,nightlights,2015
1,PPA,100.0,324.36,HaiLakeMountHermanPark,nightlights,2015
1,PPA,100.0,893.7,HaleyLakeEcologicalReserve,nightlights,2015
1,PPA,100.0,256.77,HalkettBayMarinePark,nightlights,2015
1,PPA,100.0,23701.32,HannaTintinaConservancy,nightlights,2015
1,PPA,100.0,357.3,HarbourDudgeonLakesPark,nightlights,2015
1,PPA,100.0,7.47,HardyIslandMarinePark,nightlights,2015
1,PPA,100.0,8.73,HarmonyIslandsMarinePark,nightlights,2015
1,PPA,100.0,327.42,HarryLakeAspenPark,nightlights,2015
1,PPA,100.0,935.64,HaThayimMarinePark,nightlights,2015
1,PPA,100.0,93.69,HayneSLeaseEcologicalReserve,nightlights,2015
1,PPA,100.0,2323.44,HayRiverProtectedArea,nightlights,2015
1,PPA,100.0,5822.28,HeatherDinaLakesPark,nightlights,2015
1,PPA,100.0,53968.77,HeightOfTheRockiesPark,nightlights,2015
1,PPA,100.0,46.53,HelliwellPark,nightlights,2015
1,PPA,100.0,109.89,HemerPark,nightlights,2015
1,PPA,100.0,80.01,HeraldPark,nightlights,2015
1,PPA,100.0,57.51,HesquiatLakePark,nightlights,2015
1,PPA,100.0,6166.53,HesquiatPeninsulaPark,nightlights,2015
1,PPA,100.0,570.33,HighLakesBasinPark,nightlights,2015
1,PPA,100.0,1680.66,HisnitRiverWatershedProtectedArea,nightlights,2015
1,PPA,100.0,237.78,HitchieCreekPark,nightlights,2015
1,PPA,100.0,137.43,HoleInTheWallPark,nightlights,2015
1,PPA,100.0,395.55,HollidayCreekArchProtectedArea,nightlights,2015
1,PPA,100.0,248.22,HomathkoEstuaryPark,nightlights,2015
1,PPA,100.0,35568.09,HomathkoRiverTatlayokoProtectedArea,nightlights,2015
1,PPA,100.0,7.92,HoneymoonBayEcologicalReserve,nightlights,2015
1,PPA,100.0,156.87,HorneLakeCavesPark,nightlights,2015
1,PPA,100.0,298.35,HornelineCreekPark,nightlights,2015
1,PPA,100.0,185.22,HorseflyLakePark,nightlights,2015
1,PPA,100.0,22744.71,HotSpringsNoNameCreekConservancy,nightlights,2015
1,PPA,100.0,55109.97,HunwadiAhnuhatiBaldConservancy,nightlights,2015
1,PPA,100.0,29.25,HylandRiverPark,nightlights,2015
1,PPA,100.0,1029.69,ILoqawLakesPlateauConservancy,nightlights,2015
1,PPA,100.0,60568.02,IndianLakeHitchcockCreekAtChInishaConservan,nightlights,2015
1,PPA,100.0,2757.42,InlandLakePark,nightlights,2015
1,PPA,100.0,9.27,InonoaklinPark,nightlights,2015
1,PPA,100.0,5.94,IskutRiverHotSpringsPark,nightlights,2015
1,PPA,100.0,111234.78,Itcha,nightlights,2015
1,PPA,100.0,612.99,JackmanFlatsPark,nightlights,2015
1,PPA,100.0,148.59,JackpineRemnantProtectedArea,nightlights,2015
1,PPA,100.0,36.45,JacksonNarrowsMarinePark,nightlights,2015
2,GPE,100.0,14.49,JamesChabotPark,nightlights,2015
2,PPA,100.0,13.86,JamesChabotPark,nightlights,2015
1,PPA,100.0,23.04,JesseFallsProtectedArea,nightlights,2015
1,PPA,100.0,49.32,JewelLakePark,nightlights,2015
1,PPA,100.0,13.5,JimsmithLakePark,nightlights,2015
1,PPA,100.0,1488.69,JoffreLakesPark,nightlights,2015
1,PPA,100.0,45.0,JohnstoneCreekPark,nightlights,2015
1,PPA,100.0,1150.56,JuanDeFucaPark,nightlights,2015
1,PPA,100.0,4777.47,JunctionSheepRangePark,nightlights,2015
1,PPA,100.0,247.86,JuniperBeachPark,nightlights,2015
1,PPA,100.0,458.19,KakwaProtectedArea,nightlights,2015
1,GPE,99.99187564317825,3323.07,KalamalkaLakePark,nightlights,2015
1,PPA,100.0,3219.57,KalamalkaLakePark,nightlights,2015
2,GPE,0.008124356821751612,0.27,KalamalkaLakePark,nightlights,2015
2,PPA,0.0,0.0,KalamalkaLakePark,nightlights,2015
1,PPA,100.0,3.51,KatherineTyeEcologicalReserve,nightlights,2015
1,PPA,100.0,103.14,KDistsauskTurtlePointConservancy,nightlights,2015
1,PPA,100.0,58.68,KekuliBayPark,nightlights,2015
1,PPA,100.0,241.02,KennedyLakePark,nightlights,2015
1,PPA,100.0,35.64,KennedyRiverBogPark,nightlights,2015
1,PPA,100.0,189.99,KentuckyAlleynePark,nightlights,2015
1,PPA,100.0,20.16,KeremeosColumnsPark,nightlights,2015
1,PPA,100.0,176.67,KettleRiverRecreationArea,nightlights,2015
1,PPA,100.0,13647.51,KhtadaLakeConservancy,nightlights,2015
1,PPA,100.0,135822.96,Khutz,nightlights,2015
1,PPA,100.0,11658.15,KianukoPark,nightlights,2015
1,PPA,100.0,51.93,KickinineePark,nightlights,2015
1,PPA,100.0,770.76,KikomunCreekPark,nightlights,2015
1,PPA,100.0,196.38,KilbellaEstuaryConservancy,nightlights,2015
1,PPA,100.0,3.24,KilbyPark,nightlights,2015
1,PPA,100.0,87.66,KimsquitEstuaryConservancy,nightlights,2015
1,PPA,100.0,1861.74,KinaskanLakePark,nightlights,2015
1,PPA,100.0,4.14,KinBeachPark,nightlights,2015
1,PPA,100.0,384.3,KingcomeRiverAtlatziRiverEcologicalReserve,nightlights,2015
1,PPA,100.0,1495.89,KingfisherCreekEcologicalReserve,nightlights,2015
1,PPA,100.0,440.28,KingfisherCreekPark,nightlights,2015
1,PPA,100.0,162.45,KingGeorgeViPark,nightlights,2015
1,PPA,100.0,54.09,KiskatinawPark,nightlights,2015
1,PPA,100.0,198.27,KiskatinawRiverPark,nightlights,2015
1,PPA,100.0,54.63,KitimatRiverPark,nightlights,2015
1,PPA,100.0,395.73,KitsumkalumLakeNorthProtectedArea,nightlights,2015
1,PPA,100.0,41.58,KitsumkalumPark,nightlights,2015
1,PPA,100.0,4.14,KittyColemanBeachPark,nightlights,2015
1,PPA,100.0,716.22,KitwangaMountainPark,nightlights,2015
1,PPA,100.0,99.27,KlanawaRiverEcologicalReserve,nightlights,2015
1,PPA,100.0,121.95,KlaskishRiverEcologicalReserve,nightlights,2015
1,PPA,100.0,220.32,KleanzaCreekPark,nightlights,2015
1,PPA,100.0,28189.17,KlinSeZaParkAddition,nightlights,2015
1,PPA,100.0,28038.33,KluaLakesProtectedArea,nightlights,2015
1,PPA,100.0,15697.71,KluskoilLakePark,nightlights,2015
1,PPA,100.0,18710.46,KoeyeConservancy,nightlights,2015
1,PPA,100.0,218.34,KokaneeCreekPark,nightlights,2015
1,PPA,100.0,31904.46,KokaneeGlacierPark,nightlights,2015
1,PPA,100.0,207.9,KoksilahRiverPark,nightlights,2015
1,PPA,100.0,24.57,KootenayLakeParkCampbellBaySite,nightlights,2015
1,PPA,100.0,62.01,KootenayLakeParkCoffeeCreekSite,nightlights,2015
1,PPA,100.0,9.27,KootenayLakeParkDavisCreekSite,nightlights,2015
1,PPA,100.0,45.45,KootenayLakeParkLostLedgeSite,nightlights,2015
1,PPA,100.0,224.28,KootenayLakeParkMidgeCreekSite,nightlights,2015
1,PPA,100.0,31.05,KotchoLakeEcologicalReserve,nightlights,2015
1,PPA,100.0,33.75,KotchoLakeVillageSitePark,nightlights,2015
1,PPA,100.0,11297.97,KsiXtsAtKwStagooConservancy,nightlights,2015
1,PPA,100.0,370.71,KtisgaidzMacdonaldBayConservancy,nightlights,2015
1,PPA,100.0,3096.63,KunxalasConservancy,nightlights,2015
1,PPA,100.0,1794.24,KUunaGwaayConservancy,nightlights,2015
1,PPA,100.0,249.03,KwatnaEstuaryConservancy,nightlights,2015
1,PPA,100.0,2097.45,KZuzaltTwinTwoConservancy,nightlights,2015
1,GPE,89.92382332667597,13737.06,LacDuBoisGrasslandsProtectedArea,nightlights,2015
1,PPA,99.78473019517796,15644.25,LacDuBoisGrasslandsProtectedArea,nightlights,2015
2,GPE,7.911062408314039,1208.52,LacDuBoisGrasslandsProtectedArea,nightlights,2015
2,PPA,0.21526980482204364,33.75,LacDuBoisGrasslandsProtectedArea,nightlights,2015
3,GPE,2.024897341180768,309.33,LacDuBoisGrasslandsProtectedArea,nightlights,2015
3,PPA,0.0,0.0,LacDuBoisGrasslandsProtectedArea,nightlights,2015
4,GPE,0.14021692382921813,21.42,LacDuBoisGrasslandsProtectedArea,nightlights,2015
4,PPA,0.0,0.0,LacDuBoisGrasslandsProtectedArea,nightlights,2015
1,PPA,100.0,28.44,LacLaHachePark,nightlights,2015
1,PPA,100.0,185.22,LacLeJeunePark,nightlights,2015
1,PPA,100.0,10394.01,LadyDouglasDonPeninsulaConservancy,nightlights,2015
1,PPA,100.0,354.06,LakelseLakePark,nightlights,2015
1,PPA,100.0,1214.91,LakelseLakeWetlandsPark,nightlights,2015
1,PPA,100.0,197.55,LarcomLagoonConservancy,nightlights,2015
1,PPA,100.0,203.49,LasquetiIslandEcologicalReserve,nightlights,2015
1,PPA,100.0,175.68,LauwelnewJohnDeanPark,nightlights,2015
1,PPA,100.0,7436.43,LavaForksPark,nightlights,2015
1,PPA,100.0,415.26,LawnPointPark,nightlights,2015
1,PPA,100.0,897.93,LewCreekEcologicalReserve,nightlights,2015
1,PPA,100.0,91217.7,Liard,nightlights,2015
1,PPA,100.0,101.34,LilyPadLakeEcologicalReserve,nightlights,2015
1,PPA,100.0,102.69,LittleAndrewsBayMarinePark,nightlights,2015
1,PPA,100.0,457.29,LittleQualicumFallsPark,nightlights,2015
1,PPA,100.0,2073.06,LiumchenEcologicalReserve,nightlights,2015
1,PPA,100.0,7.47,LockhartBeachPark,nightlights,2015
1,PPA,100.0,3732.84,LockhartCreekPark,nightlights,2015
1,PPA,100.0,24215.22,LockhartGordonConservancy,nightlights,2015
1,PPA,100.0,156.6,LongCreekPark,nightlights,2015
1,PPA,100.0,850.23,LongIslandConservancy,nightlights,2015
1,PPA,100.0,5.58,LoonLakePark,nightlights,2015
1,PPA,100.0,26.46,LovelandBayPark,nightlights,2015
1,PPA,100.0,236.97,LowerNimpkishPark,nightlights,2015
1,PPA,100.0,1279.17,LowerRaushProtectedArea,nightlights,2015
1,PPA,100.0,581.49,LowerSkeenaRiverPark,nightlights,2015
1,PPA,100.0,3609.0,LowerTsitikaRiverPark,nightlights,2015
1,PPA,100.0,77.94,LundmarkBogProtectedArea,nightlights,2015
1,PPA,100.0,193.41,MabelLakePark,nightlights,2015
1,PPA,100.0,1815.12,MachmellConservancy,nightlights,2015
1,PPA,100.0,536.94,MackinnonEskerEcologicalReserve,nightlights,2015
1,PPA,100.0,302.04,MacmillanPark,nightlights,2015
1,PPA,100.0,38.52,MahoneyLakeEcologicalReserve,nightlights,2015
1,PPA,100.0,3526.56,MainLakePark,nightlights,2015
1,PPA,100.0,539.91,MalaspinaPark,nightlights,2015
1,PPA,100.0,179258.67,Mann,nightlights,2015
1,PPA,100.0,39.51,MansonsLandingPark,nightlights,2015
1,PPA,100.0,19.8,ManzanitaCoveConservancy,nightlights,2015
1,PPA,100.0,1057.77,MaquinnaMarinePark,nightlights,2015
1,PPA,100.0,51.03,MaquinnaProtectedArea,nightlights,2015
1,PPA,100.0,177.84,MaraMeadowsEcologicalReserve,nightlights,2015
1,PPA,100.0,211.77,MaraMeadowsPark,nightlights,2015
1,PPA,100.0,12.42,MaraPark,nightlights,2015
1,PPA,100.0,2543.67,MarbleCanyonPark,nightlights,2015
1,PPA,100.0,19235.79,MarbleRangePark,nightlights,2015
1,PPA,100.0,953.1,MarbleRiverPark,nightlights,2015
1,PPA,100.0,168.48,MarlCreekPark,nightlights,2015
1,PPA,100.0,52.11,MarthaCreekPark,nightlights,2015
1,PPA,100.0,26910.18,MaxhamishLakeProtectedArea,nightlights,2015
1,PPA,100.0,1773.9,MaxtaktsmAaUnionPassageConservancy,nightlights,2015
1,PPA,100.0,108.99,McconnellLakePark,nightlights,2015
1,PPA,100.0,458.73,McdonaldCreekPark,nightlights,2015
1,PPA,100.0,1.17,MemoryIslandPark,nightlights,2015
1,PPA,100.0,262.44,MeridianRoadVanderhoofEcologicalReserve,nightlights,2015
1,PPA,100.0,219.42,MeziadinLakePark,nightlights,2015
1,PPA,100.0,7827.75,MilliganHillsPark,nightlights,2015
1,PPA,100.0,106.92,MiracleBeachPark,nightlights,2015
1,PPA,100.0,73.89,MistyLakeEcologicalReserve,nightlights,2015
1,PPA,100.0,103.68,MoberlyLakePark,nightlights,2015
1,PPA,100.0,1605.42,MomichLakesPark,nightlights,2015
1,PPA,100.0,424.98,MonarchMountainAXeegiDeiyiConservancy,nightlights,2015
1,PPA,100.0,22661.37,MonasheePark,nightlights,2015
1,PPA,100.0,118.71,MonckPark,nightlights,2015
1,PPA,100.0,21367.71,MoncktonNiiLuutiksmConservancy,nightlights,2015
1,PPA,100.0,63119.88,MonkmanPark,nightlights,2015
1,PPA,100.0,47.79,MontagueHarbourMarinePark,nightlights,2015
1,PPA,100.0,2.97,MonteCreekPark,nightlights,2015
1,PPA,100.0,4.77,MonteLakePark,nightlights,2015
1,PPA,100.0,2501.19,MooseValleyPark,nightlights,2015
1,PPA,100.0,4.23,MordenCollieryPark,nightlights,2015
1,PPA,100.0,52496.37,MoriceLakePark,nightlights,2015
1,PPA,100.0,354.6,MoriceRiverEcologicalReserve,nightlights,2015
1,PPA,100.0,4.77,MorrisseyPark,nightlights,2015
1,PPA,100.0,73.89,MortonLakePark,nightlights,2015
1,PPA,100.0,24396.75,MountBlanchetPark,nightlights,2015
1,PPA,100.0,593.01,MountDerbyEcologicalReserve,nightlights,2015
1,PPA,100.0,329.94,MountElliottEcologicalReserve,nightlights,2015
1,PPA,100.0,140.67,MountElphinstonePark,nightlights,2015
1,PPA,100.0,107.64,MountErskinePark,nightlights,2015
1,PPA,100.0,254.34,MountFerniePark,nightlights,2015
1,PPA,100.0,178.29,MountGeoffreyEscarpmentPark,nightlights,2015
1,PPA,100.0,1253.7,MountGriffinEcologicalReserve,nightlights,2015
1,PPA,100.0,1757.61,MountGriffinPark,nightlights,2015
1,PPA,100.0,381.33,MountMaxwellEcologicalReserve,nightlights,2015
1,PPA,100.0,233.82,MountMaxwellPark,nightlights,2015
1,PPA,100.0,5660.55,MountMintoKIyanConservancy,nightlights,2015
1,GPE,95.99559769725703,2041.02,MountPopePark,nightlights,2015
1,PPA,100.0,2030.4,MountPopePark,nightlights,2015
2,GPE,4.004402302742974,85.14,MountPopePark,nightlights,2015
2,PPA,0.0,0.0,MountPopePark,nightlights,2015
1,PPA,100.0,989.55,MountRichardsonPark,nightlights,2015
1,PPA,100.0,7.92,MountSabineEcologicalReserve,nightlights,2015
1,PPA,100.0,382.32,MountSavonaPark,nightlights,2015
1,PPA,99.66041561074506,3539.34,MountSeymourPark,nightlights,2015
2,PPA,0.3395843892549417,12.06,MountSeymourPark,nightlights,2015
1,PPA,100.0,438.12,MountTinsdaleEcologicalReserve,nightlights,2015
1,PPA,100.0,351.81,MountTuamEcologicalReserve,nightlights,2015
1,PPA,100.0,18.0,MountTzuhalemEcologicalReserve,nightlights,2015
1,PPA,100.0,103.68,MoyieLakePark,nightlights,2015
1,PPA,100.0,433.71,MudLakeDeltaPark,nightlights,2015
1,PPA,100.0,644.13,MudzenchootPark,nightlights,2015
1,PPA,100.0,86194.17,MunchoLakePark,nightlights,2015
1,PPA,100.0,35194.41,MuqqiwnPeninsulaPark,nightlights,2015
1,PPA,100.0,32.04,MurrinPark,nightlights,2015
1,PPA,100.0,5711.58,MuscoviteLakesPark,nightlights,2015
1,GPE,99.06297596185684,8078.13,MyraBellevuePark,nightlights,2015
1,PPA,100.0,7826.4,MyraBellevuePark,nightlights,2015
2,GPE,0.9370240381431694,76.41,MyraBellevuePark,nightlights,2015
2,PPA,0.0,0.0,MyraBellevuePark,nightlights,2015
1,PPA,100.0,51.21,MyraBellevueProtectedArea,nightlights,2015
1,PPA,100.0,2789.1,NadinaMountainPark,nightlights,2015
1,PPA,100.0,83232.45,Naik,nightlights,2015
1,PPA,100.0,178.74,NairnFallsPark,nightlights,2015
1,PPA,100.0,172.26,NalbeelahCreekWetlandsPark,nightlights,2015
1,PPA,100.0,10090.53,NamuConservancy,nightlights,2015
1,PPA,100.0,82.71,NamuCorridorConservancy,nightlights,2015
1,PPA,100.0,196.2,NancyGreenePark,nightlights,2015
1,PPA,100.0,1090.62,NarcosliLakeEcologicalReserve,nightlights,2015
1,PPA,100.0,18879.12,NationLakesPark,nightlights,2015
1,PPA,100.0,12051.0,NazkoLakePark,nightlights,2015
1,PPA,100.0,232566.03,NeAhConservancy,nightlights,2015
1,PPA,100.0,1210.32,NechakoCanyonProtectedArea,nightlights,2015
1,PPA,100.0,130.5,NechakoRiverEcologicalReserve,nightlights,2015
1,PPA,100.0,294.03,NekiteEstuaryConservancy,nightlights,2015
1,PPA,100.0,17012.07,NeneikekhNanikaKidpricePark,nightlights,2015
1,PPA,100.0,293.4,NetalzulMeadowsPark,nightlights,2015
1,PPA,100.0,116.64,NickelPlatePark,nightlights,2015
1,PPA,100.0,23.31,NicolumRiverPark,nightlights,2015
1,PPA,100.0,10.08,NilkitkwaLakePark,nightlights,2015
1,PPA,100.0,3921.21,NimpkishLakePark,nightlights,2015
1,PPA,100.0,18.63,NimpkishRiverEcologicalReserve,nightlights,2015
1,PPA,100.0,15713.73,NingunsawPark,nightlights,2015
1,PPA,100.0,2373.21,NingunsawRiverEcologicalReserve,nightlights,2015
1,PPA,100.0,63.45,NisgaAMemorialLavaBedCorridorPaNo,nightlights,2015
1,PPA,100.0,0.99,NisgaAMemorialLavaBedCorridorProtectedArea,nightlights,2015
1,GPE,99.75179787437153,18338.58,NisgaAMemorialLavaBedPark,nightlights,2015
1,PPA,100.0,17804.61,NisgaAMemorialLavaBedPark,nightlights,2015
2,GPE,0.2482021256284605,45.63,NisgaAMemorialLavaBedPark,nightlights,2015
2,PPA,0.0,0.0,NisgaAMemorialLavaBedPark,nightlights,2015
1,PPA,100.0,10.44,NisgaAMemorialLavaBedProtectedArea,nightlights,2015
1,PPA,100.0,275.22,NiskonlithLakePark,nightlights,2015
1,PPA,100.0,77.31,NitinatLakeEcologicalReserve,nightlights,2015
1,PPA,100.0,159.3,NitinatRiverPark,nightlights,2015
1,PPA,100.0,2274.3,NlhaxtenCeriseCreekConservancy,nightlights,2015
1,PPA,100.0,1602.99,NooseseckConservancy,nightlights,2015
1,PPA,100.0,102.69,NorburyLakePark,nightlights,2015
1,PPA,100.0,822666.33,NoRM,nightlights,2015
1,PPA,100.0,19.17,NorthSpitConservancy,nightlights,2015
1,PPA,100.0,75.87,NorthThompsonIslandsPark,nightlights,2015
1,PPA,100.0,288.54,NorthThompsonOxbowsEastPark,nightlights,2015
1,PPA,100.0,28.08,NorthThompsonOxbowsJensenIslandPark,nightlights,2015
1,PPA,100.0,514.26,NorthThompsonOxbowsManteauPark,nightlights,2015
1,GPE,100.0,125.28,NorthThompsonRiverPark,nightlights,2015
1,PPA,99.34296977660972,136.08,NorthThompsonRiverPark,nightlights,2015
2,GPE,0.0,0.0,NorthThompsonRiverPark,nightlights,2015
2,PPA,0.657030223390276,0.9,NorthThompsonRiverPark,nightlights,2015
1,PPA,100.0,335.34,NuchatlitzPark,nightlights,2015
1,PPA,100.0,20584.89,NunstiPark,nightlights,2015
1,PPA,100.0,334.26,OctopusIslandsMarinePark,nightlights,2015
1,PPA,100.0,84.78,OkanaganLakePark,nightlights,2015
1,GPE,99.95940512900582,11523.87,OkanaganMountainPark,nightlights,2015
1,PPA,100.0,11297.16,OkanaganMountainPark,nightlights,2015
2,GPE,0.040594870994184004,4.68,OkanaganMountainPark,nightlights,2015
2,PPA,0.0,0.0,OkanaganMountainPark,nightlights,2015
1,PPA,100.0,1.35,OkeoverArmPark,nightlights,2015
1,PPA,100.0,326.25,OldManLakePark,nightlights,2015
1,PPA,100.0,134430.03,Om,nightlights,2015
1,PPA,100.0,58.95,OneIslandLakePark,nightlights,2015
1,PPA,100.0,285.39,OreganaCreekPark,nightlights,2015
1,PPA,100.0,225.0,OregonJackPark,nightlights,2015
1,PPA,100.0,1284.12,OspikaConesEcologicalReserve,nightlights,2015
1,PPA,100.0,59.4,OtterLakePark,nightlights,2015
1,PPA,100.0,0.18,OtterLakeProtectedArea,nightlights,2015
1,PPA,100.0,70590.87,OwikenoConservancy,nightlights,2015
1,PPA,100.0,796.41,OwyacumishRiverPark,nightlights,2015
1,PPA,100.0,4770.36,PaAatConservancy,nightlights,2015
1,PPA,100.0,51.66,PaarensBeachPark,nightlights,2015
1,PPA,100.0,97.56,PaintedBluffsPark,nightlights,2015
1,PPA,100.0,214.47,ParkerLakeEcologicalReserve,nightlights,2015
1,PPA,100.0,537.48,PatsukCreekEcologicalReserve,nightlights,2015
1,PPA,100.0,1587.6,PattersonLakePark,nightlights,2015
1,PPA,100.0,728.01,PaulLakePark,nightlights,2015
2,GPE,100.0,2.7,PeaceArchPark,nightlights,2015
2,PPA,100.0,5.04,PeaceArchPark,nightlights,2015
1,PPA,100.0,2015.46,PeaceRiverCorridorPark,nightlights,2015
1,PPA,100.0,1242.45,PennaskCreekPark,nightlights,2015
1,PPA,100.0,239.31,PennaskLakePark,nightlights,2015
1,PPA,100.0,1807.02,PenroseRiponConservancy,nightlights,2015
2,GPE,100.0,1.98,PetroglyphPark,nightlights,2015
2,PPA,100.0,1.53,PetroglyphPark,nightlights,2015
1,PPA,100.0,1367.28,PhillipsEstuaryConservancy,nightlights,2015
1,PPA,100.0,2.34,PillarPark,nightlights,2015
1,PPA,100.0,336.51,PilotBayPark,nightlights,2015
1,PPA,100.0,43289.91,PineLeMorayPark,nightlights,2015
1,PPA,100.0,614.16,PineRiverBreaksPark,nightlights,2015
1,PPA,100.0,98.28,PinkMountainPark,nightlights,2015
1,PPA,100.0,124.65,PinnaclesPark,nightlights,2015
1,PPA,100.0,12.51,PiratesCoveMarinePark,nightlights,2015
1,PPA,100.0,99.81,PittPolderEcologicalReserve,nightlights,2015
1,PPA,100.0,31.14,PlumperCoveMarinePark,nightlights,2015
1,PPA,100.0,2716.65,PorcupineMeadowsPark,nightlights,2015
1,PPA,100.0,59.04,PorpoiseBayPark,nightlights,2015
1,PPA,100.0,723.6,PortageBruleRapidsEcologicalReserve,nightlights,2015
1,PPA,100.0,427.86,PortageBruleRapidsProtectedArea,nightlights,2015
1,PPA,100.0,342.63,PortArthurConservancy,nightlights,2015
1,PPA,100.0,3.51,PorteauCovePark,nightlights,2015
1,PPA,100.0,836.64,PremierLakePark,nightlights,2015
1,PPA,100.0,896.13,PrincessLouisaMarinePark,nightlights,2015
1,GPE,91.71270718232044,44.82,PritchardPark,nightlights,2015
1,PPA,93.51351351351352,46.71,PritchardPark,nightlights,2015
2,GPE,8.287292817679559,4.05,PritchardPark,nightlights,2015
2,PPA,6.486486486486487,3.24,PritchardPark,nightlights,2015
1,PPA,100.0,184.59,ProphetRiverHotspringsPark,nightlights,2015
1,PPA,100.0,113.49,ProphetRiverWaysidePark,nightlights,2015
1,PPA,100.0,9.18,PrudhommeLakePark,nightlights,2015
1,PPA,100.0,3306.24,PtarmiganCreekPark,nightlights,2015
1,PPA,100.0,1306.35,PtarmiganCreekProtectedArea,nightlights,2015
1,PPA,100.0,1779.3,PukeashunPark,nightlights,2015
1,PPA,100.0,36.72,PuntchesakutLakePark,nightlights,2015
1,PPA,100.0,11.7,PuntiIslandPark,nightlights,2015
1,PPA,100.0,213224.58,Purc,nightlights,2015
1,PPA,100.0,3214.44,PurdenLakePark,nightlights,2015
1,PPA,100.0,11.88,PyramidCreekFallsPark,nightlights,2015
1,PPA,100.0,530.28,QuatsinoPark,nightlights,2015
1,PPA,100.0,991.8,QuesnelLakePark,nightlights,2015
1,PPA,100.0,4892.85,QwalimakUpperBirkenheadConservancy,nightlights,2015
1,PPA,100.0,508.41,QwiquallaaqBoatBayConservancy,nightlights,2015
1,PPA,100.0,434.07,RaftCovePark,nightlights,2015
1,PPA,100.0,110.07,RainbowAlleyPark,nightlights,2015
1,PPA,100.0,386.82,RainbowQIwentemPark,nightlights,2015
1,PPA,100.0,122.22,RamCreekEcologicalReserve,nightlights,2015
1,PPA,100.0,122.58,RaspberryHarbourEcologicalReserve,nightlights,2015
1,GPE,91.59183673469387,100.98,RathtrevorBeachPark,nightlights,2015
1,PPA,100.0,115.74,RathtrevorBeachPark,nightlights,2015
2,GPE,8.408163265306122,9.27,RathtrevorBeachPark,nightlights,2015
2,PPA,0.0,0.0,RathtrevorBeachPark,nightlights,2015
1,PPA,100.0,598.05,ReadIslandPark,nightlights,2015
1,PPA,100.0,45.9,RearguardFallsPark,nightlights,2015
1,PPA,100.0,4.14,RebeccaSpitMarinePark,nightlights,2015
1,PPA,100.0,155.79,RedBluffPark,nightlights,2015
1,PPA,100.0,1164.96,RedbrushPark,nightlights,2015
1,PPA,100.0,80802.63,RedfernKeilyPark,nightlights,2015
1,PPA,100.0,198.72,RescueBayConservancy,nightlights,2015
1,PPA,100.0,751.5,RestorationBayConservancy,nightlights,2015
1,PPA,100.0,39.15,RobertsCreekPark,nightlights,2015
1,PPA,100.0,13.68,RobertsMemorialPark,nightlights,2015
1,PPA,100.0,525.24,RobsonBightMichaelBiggEcologicalReserve,nightlights,2015
1,PPA,100.0,2026.08,RocheLakePark,nightlights,2015
1,PPA,100.0,0.63,RockBayMarinePark,nightlights,2015
1,PPA,100.0,1.35,RockCreekPark,nightlights,2015
1,PPA,100.0,37.98,RollaCanyonEcologicalReserve,nightlights,2015
1,PPA,100.0,116.82,RolleyLakePark,nightlights,2015
1,PPA,100.0,209.52,RoscoeBayPark,nightlights,2015
1,PPA,100.0,20.61,RoseberyPark,nightlights,2015
1,PPA,100.0,64.98,RosewallCreekPark,nightlights,2015
1,PPA,100.0,340.38,RossLakePark,nightlights,2015
1,PPA,100.0,41247.09,RubyrockLakePark,nightlights,2015
1,PPA,100.0,486.18,RucklePark,nightlights,2015
1,PPA,100.0,101.34,RuggedPointMarinePark,nightlights,2015
1,PPA,100.0,26.91,RuthLakePark,nightlights,2015
1,PPA,100.0,58.77,RyanPark,nightlights,2015
1,PPA,100.0,28.35,SalteryBayPark,nightlights,2015
1,PPA,100.0,822.6,SanctuaryBayConservancy,nightlights,2015
1,PPA,100.0,11.43,SandPointConservancy,nightlights,2015
1,PPA,100.0,2.25,SandwellPark,nightlights,2015
1,PPA,100.0,96.03,SanJuanRidgeEcologicalReserve,nightlights,2015
1,PPA,100.0,144.72,SanJuanRiverEstuaryEcologicalReserve,nightlights,2015
1,PPA,100.0,329.58,SantaGertrudisBocaDelInfiernoPark,nightlights,2015
1,PPA,100.0,143.64,SargeantBayPark,nightlights,2015
1,PPA,100.0,1231.74,SasquatchPark,nightlights,2015
1,PPA,100.0,6583.59,SayNuthKhawYumParkAKAIndianArmPark,nightlights,2015
1,PPA,100.0,8779.86,SchoenLakePark,nightlights,2015
1,PPA,100.0,5051.43,SchoolhouseLakePark,nightlights,2015
1,PPA,100.0,1.8,SecheltInletsMarineParkHalfwayBeachSite,nightlights,2015
1,PPA,100.0,40.59,SecheltInletsMarineParkKunechinPointSite,nightlights,2015
1,PPA,100.0,3.69,SecheltInletsMarineParkPiperPointSite,nightlights,2015
1,PPA,100.0,0.54,SecheltInletsMarineParkSkaiakosPointSite,nightlights,2015
1,PPA,100.0,4.23,SecheltInletsMarineParkThornhillSite,nightlights,2015
1,PPA,100.0,56.16,SecheltInletsMarineParkTzoonieNarrowsSite,nightlights,2015
1,PPA,100.0,26.37,SeeleyLakePark,nightlights,2015
1,PPA,100.0,1.17,SetonPortageHistoricPark,nightlights,2015
1,PPA,100.0,27137.97,SevenSistersPark,nightlights,2015
1,PPA,100.0,12012.57,SevenSistersProtectedArea,nightlights,2015
1,PPA,100.0,597.06,SgaayTaawSiiwaayKAdjuuConservancy,nightlights,2015
1,PPA,100.0,90.63,ShannonFallsPark,nightlights,2015
1,PPA,100.0,17.91,ShearwaterHotSpringsConservancy,nightlights,2015
1,PPA,100.0,1015.38,SheemahantConservancy,nightlights,2015
1,PPA,100.0,163.8,ShuswapLakeMarineParkAlbasSite,nightlights,2015
1,PPA,100.0,20.34,ShuswapLakeMarineParkAlineHillSite,nightlights,2015
1,PPA,100.0,12.6,ShuswapLakeMarineParkAnsteyViewSite,nightlights,2015
1,PPA,100.0,67.41,ShuswapLakeMarineParkBeachBaySite,nightlights,2015
1,PPA,100.0,34.29,ShuswapLakeMarineParkBughouseBaySite,nightlights,2015
1,PPA,100.0,17.46,ShuswapLakeMarineParkCottonwoodBeachSite,nightlights,2015
1,PPA,100.0,44.73,ShuswapLakeMarineParkEncounterPointSite,nightlights,2015
1,PPA,100.0,24.03,ShuswapLakeMarineParkFowlerPointSite,nightlights,2015
1,PPA,100.0,78.21,ShuswapLakeMarineParkHermitBaySite,nightlights,2015
1,PPA,100.0,9.72,ShuswapLakeMarineParkHorseshoeBaySite,nightlights,2015
1,PPA,100.0,86.49,ShuswapLakeMarineParkHungryCoveSite,nightlights,2015
1,PPA,100.0,5.85,ShuswapLakeMarineParkMaraPointSite,nightlights,2015
1,PPA,100.0,166.41,ShuswapLakeMarineParkMarblePointSite,nightlights,2015
1,PPA,100.0,19.08,ShuswapLakeMarineParkNielsenBeachSite,nightlights,2015
1,PPA,100.0,63.63,ShuswapLakeMarineParkParadisePointSite,nightlights,2015
1,PPA,100.0,27.45,ShuswapLakeMarineParkRobertsBaySite,nightlights,2015
1,PPA,100.0,4.77,ShuswapLakeMarineParkStIvesSite,nightlights,2015
1,PPA,100.0,7.11,ShuswapLakeMarineParkSwallSite,nightlights,2015
1,PPA,100.0,26.28,ShuswapLakeMarineParkTiilisBeachSite,nightlights,2015
1,PPA,100.0,16.2,ShuswapLakeMarineParkTwinBaysSite,nightlights,2015
1,PPA,100.0,16.74,ShuswapLakeMarineParkTwoMileSite,nightlights,2015
1,PPA,100.0,11.88,ShuswapLakeMarineParkWoodsLandingSite,nightlights,2015
1,PPA,100.0,16.56,ShuswapLakeMarineParkWoodsLandingSouthSit,nightlights,2015
1,PPA,100.0,153.99,ShuswapLakePark,nightlights,2015
1,PPA,100.0,184.5,ShuswapRiverIslandsPark,nightlights,2015
1,PPA,100.0,4712.13,SikanniChiefCanyonPark,nightlights,2015
1,PPA,100.0,799.83,SikanniChiefFallsProtectedArea,nightlights,2015
1,PPA,100.0,2175.12,SikanniChiefRiverEcologicalReserve,nightlights,2015
1,PPA,100.0,1440.09,SikanniOldGrowthPark,nightlights,2015
1,PPA,100.0,148.95,SilverBeachPark,nightlights,2015
1,PPA,100.0,111.51,SilverLakePark,nightlights,2015
1,GPE,99.45380920990677,5702.94,SilverStarPark,nightlights,2015
1,PPA,100.0,5573.25,SilverStarPark,nightlights,2015
2,GPE,0.5461907900932291,31.32,SilverStarPark,nightlights,2015
2,PPA,0.0,0.0,SilverStarPark,nightlights,2015
1,PPA,100.0,53.37,SimpsonLakeEastConservancy,nightlights,2015
1,PPA,100.0,148.32,SixMileHillProtectedArea,nightlights,2015
1,GPE,99.07524932003626,491.76,SkahaBluffsPark,nightlights,2015
1,PPA,100.0,488.7,SkahaBluffsPark,nightlights,2015
2,GPE,0.9247506799637353,4.59,SkahaBluffsPark,nightlights,2015
2,PPA,0.0,0.0,SkahaBluffsPark,nightlights,2015
1,PPA,100.0,1651.95,SkeenaBankConservancy,nightlights,2015
1,PPA,100.0,331.65,SkeenaRiverEcologicalReserve,nightlights,2015
1,PPA,100.0,40.23,SkihistEcologicalReserve,nightlights,2015
1,PPA,100.0,386.19,SkihistPark,nightlights,2015
1,PPA,100.0,125.37,SkookumchuckNarrowsPark,nightlights,2015
1,PPA,100.0,70.83,SkookumchuckRapidsPark,nightlights,2015
1,PPA,100.0,849.42,SkwahaLakeEcologicalReserve,nightlights,2015
1,PPA,100.0,297.27,SleepingBeautyMountainPark,nightlights,2015
1,PPA,100.0,506.25,SlimCreekPark,nightlights,2015
1,PPA,100.0,702.0,SmallInletMarinePark,nightlights,2015
1,PPA,100.0,161.19,SmallInletProtectedArea,nightlights,2015
1,PPA,100.0,1810.71,SmallRiverCavesPark,nightlights,2015
1,PPA,100.0,15.57,SmeltBayPark,nightlights,2015
1,PPA,100.0,1390.5,SmithRiverEcologicalReserve,nightlights,2015
1,PPA,100.0,253.08,SmithRiverFallsFortHalkettPark,nightlights,2015
1,PPA,100.0,133.29,SmugglerCoveMarinePark,nightlights,2015
1,PPA,100.0,936.9,SoapLakeEcologicalReserve,nightlights,2015
1,PPA,100.0,451.26,SookeMountainPark,nightlights,2015
1,PPA,100.0,6.12,SookePotholesPark,nightlights,2015
1,PPA,100.0,56796.21,SouthChilcotinMountainsPark,nightlights,2015
1,GPE,99.6814115917167,9517.95,SouthOkanaganGrasslandsProtectedArea,nightlights,2015
1,PPA,100.0,9155.97,SouthOkanaganGrasslandsProtectedArea,nightlights,2015
2,GPE,0.3185884082832986,30.42,SouthOkanaganGrasslandsProtectedArea,nightlights,2015
2,PPA,0.0,0.0,SouthOkanaganGrasslandsProtectedArea,nightlights,2015
1,PPA,100.0,1015.74,SouthTexadaIslandPark,nightlights,2015
1,PPA,100.0,16.02,SowcheaBayPark,nightlights,2015
1,PPA,100.0,427.95,SpatsiziHeadwatersPark,nightlights,2015
1,PPA,100.0,67.05,SpectacleLakePark,nightlights,2015
1,PPA,100.0,57.24,SpiderLakePark,nightlights,2015
1,PPA,100.0,2976.57,SpipiyusPark,nightlights,2015
1,PPA,100.0,39.96,SproatLakePark,nightlights,2015
1,PPA,100.0,40.95,SquittyBayPark,nightlights,2015
1,PPA,100.0,467.19,StaffordEstuaryConservancy,nightlights,2015
1,PPA,100.0,1202.04,StagleapPark,nightlights,2015
1,PPA,100.0,781.56,StairCreekConservancy,nightlights,2015
1,PPA,100.0,346.5,StampRiverPark,nightlights,2015
1,GPE,89.22255588922256,481.32,StawamusChiefPark,nightlights,2015
1,PPA,99.20176630434783,525.69,StawamusChiefPark,nightlights,2015
2,GPE,10.777444110777443,58.14,StawamusChiefPark,nightlights,2015
2,PPA,0.798233695652174,4.23,StawamusChiefPark,nightlights,2015
1,PPA,100.0,2.34,StawamusChiefProtectedArea,nightlights,2015
1,PPA,100.0,39.87,SteelheadPark,nightlights,2015
1,GPE,99.98870386548376,134632.62,Stein,nightlights,2015
1,PPA,100.0,136294.02,Stein,nightlights,2015
2,GPE,0.011296134516241368,15.21,Stein,nightlights,2015
2,PPA,0.0,0.0,Stein,nightlights,2015
1,PPA,100.0,3.96,StemwinderPark,nightlights,2015
1,PPA,100.0,75.33,StoyomaCreekEcologicalReserve,nightlights,2015
1,GPE,99.95177066236502,252172.89,Strath,nightlights,2015
1,PPA,100.0,253459.98,Strath,nightlights,2015
2,GPE,0.04822933763497169,121.68,Strath,nightlights,2015
2,PPA,0.0,0.0,Strath,nightlights,2015
1,PPA,100.0,227.43,StuartLakeMarinePark,nightlights,2015
1,PPA,100.0,344.16,StuartLakePark,nightlights,2015
1,PPA,100.0,21026.97,StuartRiverParkLowerSite,nightlights,2015
1,PPA,100.0,49.5,SueChannelParkLorettaIslandHawkesburyIsla,nightlights,2015
1,PPA,100.0,20320.2,SugarbowlGrizzlyDenPark,nightlights,2015
1,PPA,100.0,2226.42,SugarbowlGrizzlyDenProtectedArea,nightlights,2015
1,PPA,100.0,422.91,SukunkaFallsPark,nightlights,2015
1,PPA,100.0,5.58,SummitLakePark,nightlights,2015
1,PPA,100.0,508.32,SunbeamCreekEcologicalReserve,nightlights,2015
1,GPE,78.125,24.75,SunOkaBeachPark,nightlights,2015
1,PPA,90.08498583569406,28.62,SunOkaBeachPark,nightlights,2015
2,GPE,21.875,6.93,SunOkaBeachPark,nightlights,2015
2,PPA,9.91501416430595,3.15,SunOkaBeachPark,nightlights,2015
1,PPA,100.0,163.44,SurgeNarrowsPark,nightlights,2015
1,PPA,100.0,77934.06,Sustut,nightlights,2015
1,PPA,100.0,13609.17,SutherlandRiverPark,nightlights,2015
1,PPA,100.0,4834.53,SutherlandRiverProtectedArea,nightlights,2015
1,PPA,100.0,4.5,SuttonPassEcologicalReserve,nightlights,2015
1,PPA,100.0,266.4,SwanCreekProtectedArea,nightlights,2015
1,PPA,100.0,62302.32,SwanLakeKispioxRiverPark,nightlights,2015
1,PPA,100.0,81.54,SwanLakePark,nightlights,2015
1,PPA,100.0,43.2,SwiwsPark,nightlights,2015
1,PPA,100.0,2.61,SxwexwnitkwPark,nightlights,2015
1,PPA,100.0,1868.4,SydneyInletPark,nightlights,2015
1,PPA,100.0,4536.36,SyringaPark,nightlights,2015
1,PPA,100.0,503.55,TacheedaLakesEcologicalReserve,nightlights,2015
1,PPA,100.0,4728.24,TaChIlaParkAKABoyaLakePark,nightlights,2015
1,PPA,100.0,10979.55,TahsishKwoisPark,nightlights,2015
1,PPA,100.0,75.87,TahsishRiverEcologicalReserve,nightlights,2015
1,PPA,100.0,549.0,TaklaMarineParkTaklaWest,nightlights,2015
1,GPE,99.69356243566395,11331.27,TantalusPark,nightlights,2015
1,PPA,100.0,11425.86,TantalusPark,nightlights,2015
2,GPE,0.30643756433605196,34.83,TantalusPark,nightlights,2015
2,PPA,0.0,0.0,TantalusPark,nightlights,2015
1,GPE,86.11111111111111,2.79,TarahnePark,nightlights,2015
1,PPA,100.0,3.6,TarahnePark,nightlights,2015
2,GPE,13.88888888888889,0.45,TarahnePark,nightlights,2015
2,PPA,0.0,0.0,TarahnePark,nightlights,2015
1,PPA,100.0,4377.24,TaweelPark,nightlights,2015
1,PPA,100.0,72.99,TaylorArmPark,nightlights,2015
1,GPE,33.333333333333336,0.18,TaylorLandingPark,nightlights,2015
1,PPA,41.666666666666664,0.45,TaylorLandingPark,nightlights,2015
4,GPE,66.66666666666667,0.36,TaylorLandingPark,nightlights,2015
4,PPA,58.333333333333336,0.63,TaylorLandingPark,nightlights,2015
1,PPA,100.0,123.12,TeakerneArmPark,nightlights,2015
1,PPA,100.0,342.81,TenMileLakePark,nightlights,2015
1,PPA,100.0,0.99,TenMilePointEcologicalReserve,nightlights,2015
1,PPA,100.0,6054.3,TetrahedronPark,nightlights,2015
1,PPA,100.0,3674.34,ThinahteaNorthProtectedArea,nightlights,2015
1,PPA,100.0,16710.84,ThinahteaSouthProtectedArea,nightlights,2015
1,PPA,100.0,8504.55,ThorsenCreekConservancy,nightlights,2015
1,PPA,100.0,968.58,ThreeSistersLakePark,nightlights,2015
1,PPA,100.0,50.13,ThulmeFallsConservancy,nightlights,2015
1,PPA,100.0,2337.93,ThunderbirdSNestTIitskInPaawats,nightlights,2015
1,PPA,100.0,37.53,ThunderHillPark,nightlights,2015
1,PPA,100.0,283.5,ThurstonBayMarinePark,nightlights,2015
1,PPA,100.0,1068.3,TitetownPark,nightlights,2015
1,PPA,100.0,413.46,ToadRiverHotspringsPark,nightlights,2015
1,PPA,100.0,3559.32,TodaginSouthSlopePark,nightlights,2015
1,PPA,100.0,11.79,TopleyPark,nightlights,2015
1,PPA,100.0,8744.85,TopOfTheWorldPark,nightlights,2015
1,PPA,100.0,158.4,TorkelsenLakeEcologicalReserve,nightlights,2015
1,PPA,100.0,297.99,TranquilCreekPark,nightlights,2015
1,PPA,100.0,233.55,TranquilleEcologicalReserve,nightlights,2015
1,PPA,100.0,57.24,TrembleurLakePark,nightlights,2015
1,PPA,100.0,2884.86,TrepanierPark,nightlights,2015
1,PPA,100.0,5.49,TrialIslandsEcologicalReserve,nightlights,2015
1,PPA,100.0,68.22,TribuneBayPark,nightlights,2015
1,PPA,100.0,2390.67,TroupPassageConservancy,nightlights,2015
1,PPA,100.0,82.71,TroutCreekEcologicalReserve,nightlights,2015
1,PPA,100.0,37896.12,TsaLatlSmokehouseConservancy,nightlights,2015
1,PPA,100.0,353.16,TsintsunkoLakesPark,nightlights,2015
1,PPA,100.0,597.33,TsitikaMountainEcologicalReserve,nightlights,2015
1,PPA,100.0,125.37,TsitikaRiverEcologicalReserve,nightlights,2015
1,PPA,100.0,891.18,TsutswecwPark,nightlights,2015
1,PPA,100.0,255121.92,Tsyl,nightlights,2015
1,PPA,100.0,51.66,TudyahLakePark,nightlights,2015
1,PPA,100.0,5164.29,TunkwaPark,nightlights,2015
1,PPA,100.0,19618.56,TutshiLakeTOochAayiConservancy,nightlights,2015
1,PPA,100.0,18010.89,TuyaMountainsPark,nightlights,2015
1,PPA,100.0,38.16,TyheeLakePark,nightlights,2015
1,PPA,100.0,220.68,UgwiwaCapeCautionBlundenBayConservancy,nightlights,2015
1,PPA,100.0,9209.52,UgwiwaCapeCautionConservancy,nightlights,2015
1,PPA,100.0,9425.34,UnchaMountainRedHillsPark,nightlights,2015
1,PPA,100.0,928.62,UnionPassageMarinePark,nightlights,2015
1,PPA,100.0,5885.91,UpperAdamsRiverPark,nightlights,2015
1,PPA,100.0,10261.35,UpperElahoValleyConservancy,nightlights,2015
1,PPA,100.0,19522.08,UpperLillooetPark,nightlights,2015
1,PPA,100.0,5581.71,UpperRaushProtectedArea,nightlights,2015
1,PPA,100.0,3604.05,UpperRogersKolConservancy,nightlights,2015
1,PPA,100.0,10621.08,UpperSeymourRiverPark,nightlights,2015
1,PPA,100.0,90.45,UpperShuswapRiverEcologicalReserve,nightlights,2015
1,PPA,100.0,11310.39,UpperSooConservancy,nightlights,2015
1,PPA,100.0,123.93,UpperVioletCreekPark,nightlights,2015
1,PPA,100.0,49825.53,ValhallaPark,nightlights,2015
1,PPA,100.0,46.98,VanceCreekEcologicalReserve,nightlights,2015
1,PPA,100.0,1397.7,VargasIslandPark,nightlights,2015
1,PPA,100.0,16.83,VaseuxLakePark,nightlights,2015
1,GPE,99.81270145483056,2062.35,VaseuxProtectedArea,nightlights,2015
1,PPA,100.0,1994.67,VaseuxProtectedArea,nightlights,2015
2,GPE,0.18729854516943983,3.87,VaseuxProtectedArea,nightlights,2015
2,PPA,0.0,0.0,VaseuxProtectedArea,nightlights,2015
1,PPA,100.0,11.52,VictorLakePark,nightlights,2015
1,PPA,100.0,174.24,WahkashPointConservancy,nightlights,2015
1,PPA,100.0,165.87,WakemanEstuaryConservancy,nightlights,2015
1,PPA,100.0,110.43,WakesCovePark,nightlights,2015
1,PPA,100.0,220.14,WalesHarbourConservancy,nightlights,2015
1,PPA,100.0,43.2,WalhachinOxbowsPark,nightlights,2015
1,PPA,100.0,55.62,WalloperLakePark,nightlights,2015
1,PPA,100.0,25.74,WalshCovePark,nightlights,2015
1,PPA,100.0,327.78,WapCreekPark,nightlights,2015
1,PPA,100.0,16837.92,WapitiLakePark,nightlights,2015
1,PPA,100.0,3.87,WardnerPark,nightlights,2015
1,PPA,100.0,148.05,WasaLakePark,nightlights,2015
1,PPA,100.0,270.27,WawleySeymourEstuaryConservancy,nightlights,2015
1,PPA,100.0,23.22,WeewanieHotSpringsPark,nightlights,2015
1,PPA,100.0,207.45,WendlePark,nightlights,2015
1,PPA,99.9617040337278,26311.23,WestArmPark,nightlights,2015
2,PPA,0.03829596627219542,10.08,WestArmPark,nightlights,2015
1,PPA,100.0,258.3,WestLakePark,nightlights,2015
1,PPA,100.0,9.36,WestShawniganLakePark,nightlights,2015
1,PPA,100.0,22319.46,WestTwinPark,nightlights,2015
1,PPA,100.0,9130.95,WestTwinProtectedArea,nightlights,2015
1,PPA,100.0,39.33,WestwickLakesEcologicalReserve,nightlights,2015
1,PPA,100.0,304.83,WeymerCreekPark,nightlights,2015
1,PPA,100.0,793584.63,WG,nightlights,2015
1,PPA,100.0,32.67,WhipsawCreekEcologicalReserve,nightlights,2015
1,PPA,100.0,95.4,WhiskersPointPark,nightlights,2015
1,PPA,100.0,3743.73,WhiteLakeGrasslandsProtectedArea,nightlights,2015
1,PPA,100.0,265.86,WhiteLakePark,nightlights,2015
1,PPA,100.0,4026.33,WhitePelicanPark,nightlights,2015
1,PPA,100.0,71.64,WhiteRiverPark,nightlights,2015
1,PPA,100.0,2256.3,WhiteswanLakePark,nightlights,2015
1,PPA,100.0,1665.18,WilkinsonWrightBayConservancy,nightlights,2015
1,PPA,100.0,698.58,WilliamsCreekEcologicalReserve,nightlights,2015
1,PPA,100.0,208.08,WindemereLakePark,nightlights,2015
1,PPA,100.0,6.48,WinterInletConservancy,nightlights,2015
1,PPA,100.0,56.07,WireCachePark,nightlights,2015
1,PPA,100.0,42.3,WistariaPark,nightlights,2015
1,PPA,100.0,158.31,WoodleyRangeEcologicalReserve,nightlights,2015
1,PPA,100.0,101.7,WoodMountainSkiPark,nightlights,2015
1,PPA,100.0,4440.42,WoodworthLakeConservancy,nightlights,2015
1,PPA,100.0,6526.62,WossLakePark,nightlights,2015
1,PPA,100.0,42.57,WrinklyFacePark,nightlights,2015
1,PPA,100.0,2498.85,YaaguunGandlaayConservancy,nightlights,2015
1,PPA,100.0,7971.75,YaaguunSuuConservancy,nightlights,2015
1,PPA,100.0,10.71,YahkPark,nightlights,2015
1,PPA,100.0,8941.32,YalakomPark,nightlights,2015
1,PPA,100.0,10.62,YaleGarryOakEcologicalReserve,nightlights,2015
1,PPA,100.0,175.5,YardCreekPark,nightlights,2015
1,PPA,100.0,138.78,YellowpointBogEcologicalReserve,nightlights,2015
1,PPA,100.0,11.25,ZumtelaBayConservancy,nightlights,2015
